State_Name,State_code,Year-Week,Variant,Variant_Count,Positive_Cases,Hospitalization,Death
Washington,WA,2021-44,Delta,743,8622,584.0,76
Washington,WA,2021-43,Delta,663,8669,565.0,91
Washington,WA,2021-42,Delta,1102,10874,711.0,140
Washington,WA,2021-42,Other,1,10874,711.0,140
Washington,WA,2021-41,Delta,1096,12303,789.0,177
Washington,WA,2021-40,Delta,1107,11746,737.0,141
Washington,WA,2021-39,Delta,992,12240,766.0,160
Washington,WA,2021-39,Other,1,12240,766.0,160
Washington,WA,2021-38,Delta,1334,15052,846.0,199
Washington,WA,2021-38,Mu,2,15052,846.0,199
Washington,WA,2021-37,Delta,1089,16437,934.0,202
Washington,WA,2021-36,Delta,959,17103,1071.0,231
Washington,WA,2021-36,Mu,2,17103,1071.0,231
Washington,WA,2021-35,Alpha,2,19365,1263.0,295
Washington,WA,2021-35,Delta,2278,19365,1263.0,295
Washington,WA,2021-35,Mu,10,19365,1263.0,295
Washington,WA,2021-34,Delta,1692,19870,1300.0,301
Washington,WA,2021-34,Mu,1,19870,1300.0,301
Washington,WA,2021-34,Other,3,19870,1300.0,301
Washington,WA,2021-33,Alpha,2,19258,1347.0,301
Washington,WA,2021-33,Delta,1944,19258,1347.0,301
Washington,WA,2021-33,Gamma,8,19258,1347.0,301
Washington,WA,2021-32,Alpha,9,17709,1147.0,243
Washington,WA,2021-32,Delta,2937,17709,1147.0,243
Washington,WA,2021-32,Gamma,15,17709,1147.0,243
Washington,WA,2021-32,Iota,1,17709,1147.0,243
Washington,WA,2021-32,Mu,8,17709,1147.0,243
Washington,WA,2021-32,Other,3,17709,1147.0,243
Washington,WA,2021-31,Alpha,7,16470,995.0,213
Washington,WA,2021-31,Delta,2272,16470,995.0,213
Washington,WA,2021-31,Gamma,6,16470,995.0,213
Washington,WA,2021-31,Iota,1,16470,995.0,213
Washington,WA,2021-31,Mu,4,16470,995.0,213
Washington,WA,2021-31,Other,7,16470,995.0,213
Washington,WA,2021-30,Alpha,9,13477,746.0,188
Washington,WA,2021-30,Delta,1853,13477,746.0,188
Washington,WA,2021-30,Gamma,4,13477,746.0,188
Washington,WA,2021-30,Iota,1,13477,746.0,188
Washington,WA,2021-30,Mu,12,13477,746.0,188
Washington,WA,2021-30,Other,5,13477,746.0,188
Washington,WA,2021-29,Alpha,24,9006,530.0,95
Washington,WA,2021-29,Delta,2105,9006,530.0,95
Washington,WA,2021-29,Gamma,18,9006,530.0,95
Washington,WA,2021-29,Iota,5,9006,530.0,95
Washington,WA,2021-29,Mu,35,9006,530.0,95
Washington,WA,2021-29,Other,10,9006,530.0,95
Washington,WA,2021-28,Alpha,33,5466,261.0,53
Washington,WA,2021-28,Delta,1388,5466,261.0,53
Washington,WA,2021-28,Gamma,25,5466,261.0,53
Washington,WA,2021-28,Iota,10,5466,261.0,53
Washington,WA,2021-28,Mu,24,5466,261.0,53
Washington,WA,2021-28,Other,12,5466,261.0,53
Washington,WA,2021-27,Alpha,51,3510,271.0,51
Washington,WA,2021-27,Delta,895,3510,271.0,51
Washington,WA,2021-27,Gamma,37,3510,271.0,51
Washington,WA,2021-27,Iota,8,3510,271.0,51
Washington,WA,2021-27,Mu,16,3510,271.0,51
Washington,WA,2021-27,Other,22,3510,271.0,51
Washington,WA,2021-26,Alpha,66,2646,206.0,41
Washington,WA,2021-26,Delta,583,2646,206.0,41
Washington,WA,2021-26,Gamma,34,2646,206.0,41
Washington,WA,2021-26,Iota,18,2646,206.0,41
Washington,WA,2021-26,Mu,6,2646,206.0,41
Washington,WA,2021-26,Other,28,2646,206.0,41
Washington,WA,2021-25,Alpha,92,1822,184.0,34
Washington,WA,2021-25,Beta,4,1822,184.0,34
Washington,WA,2021-25,Delta,312,1822,184.0,34
Washington,WA,2021-25,Gamma,35,1822,184.0,34
Washington,WA,2021-25,Iota,12,1822,184.0,34
Washington,WA,2021-25,Mu,1,1822,184.0,34
Washington,WA,2021-25,Other,21,1822,184.0,34
Washington,WA,2021-24,Alpha,190,1901,202.0,32
Washington,WA,2021-24,Delta,297,1901,202.0,32
Washington,WA,2021-24,Epsilon,5,1901,202.0,32
Washington,WA,2021-24,Gamma,63,1901,202.0,32
Washington,WA,2021-24,Iota,21,1901,202.0,32
Washington,WA,2021-24,Mu,9,1901,202.0,32
Washington,WA,2021-24,Other,18,1901,202.0,32
Washington,WA,2021-23,Alpha,238,1737,162.0,33
Washington,WA,2021-23,Delta,158,1737,162.0,33
Washington,WA,2021-23,Epsilon,5,1737,162.0,33
Washington,WA,2021-23,Gamma,76,1737,162.0,33
Washington,WA,2021-23,Iota,30,1737,162.0,33
Washington,WA,2021-23,Kappa,1,1737,162.0,33
Washington,WA,2021-23,Mu,1,1737,162.0,33
Washington,WA,2021-23,Other,32,1737,162.0,33
Washington,WA,2021-22,Alpha,302,2110,215.0,38
Washington,WA,2021-22,Beta,2,2110,215.0,38
Washington,WA,2021-22,Delta,153,2110,215.0,38
Washington,WA,2021-22,Epsilon,12,2110,215.0,38
Washington,WA,2021-22,Eta,1,2110,215.0,38
Washington,WA,2021-22,Gamma,89,2110,215.0,38
Washington,WA,2021-22,Iota,38,2110,215.0,38
Washington,WA,2021-22,Mu,6,2110,215.0,38
Washington,WA,2021-22,Other,37,2110,215.0,38
Washington,WA,2021-21,Alpha,309,2825,302.0,41
Washington,WA,2021-21,Beta,2,2825,302.0,41
Washington,WA,2021-21,Delta,107,2825,302.0,41
Washington,WA,2021-21,Epsilon,16,2825,302.0,41
Washington,WA,2021-21,Gamma,151,2825,302.0,41
Washington,WA,2021-21,Iota,46,2825,302.0,41
Washington,WA,2021-21,Mu,4,2825,302.0,41
Washington,WA,2021-21,Other,39,2825,302.0,41
Washington,WA,2021-20,Alpha,441,3259,295.0,37
Washington,WA,2021-20,Beta,7,3259,295.0,37
Washington,WA,2021-20,Delta,104,3259,295.0,37
Washington,WA,2021-20,Epsilon,30,3259,295.0,37
Washington,WA,2021-20,Gamma,234,3259,295.0,37
Washington,WA,2021-20,Iota,30,3259,295.0,37
Washington,WA,2021-20,Mu,3,3259,295.0,37
Washington,WA,2021-20,Other,47,3259,295.0,37
Washington,WA,2021-19,Alpha,578,4458,413.0,69
Washington,WA,2021-19,Beta,22,4458,413.0,69
Washington,WA,2021-19,Delta,85,4458,413.0,69
Washington,WA,2021-19,Epsilon,43,4458,413.0,69
Washington,WA,2021-19,Gamma,170,4458,413.0,69
Washington,WA,2021-19,Iota,51,4458,413.0,69
Washington,WA,2021-19,Mu,7,4458,413.0,69
Washington,WA,2021-19,Other,59,4458,413.0,69
Washington,WA,2021-18,Alpha,908,5316,416.0,55
Washington,WA,2021-18,Beta,19,5316,416.0,55
Washington,WA,2021-18,Delta,37,5316,416.0,55
Washington,WA,2021-18,Epsilon,128,5316,416.0,55
Washington,WA,2021-18,Eta,4,5316,416.0,55
Washington,WA,2021-18,Gamma,207,5316,416.0,55
Washington,WA,2021-18,Iota,57,5316,416.0,55
Washington,WA,2021-18,Mu,2,5316,416.0,55
Washington,WA,2021-18,Other,70,5316,416.0,55
Washington,WA,2021-17,Alpha,1179,6833,477.0,57
Washington,WA,2021-17,Beta,27,6833,477.0,57
Washington,WA,2021-17,Delta,34,6833,477.0,57
Washington,WA,2021-17,Epsilon,157,6833,477.0,57
Washington,WA,2021-17,Eta,2,6833,477.0,57
Washington,WA,2021-17,Gamma,176,6833,477.0,57
Washington,WA,2021-17,Iota,60,6833,477.0,57
Washington,WA,2021-17,Kappa,4,6833,477.0,57
Washington,WA,2021-17,Mu,6,6833,477.0,57
Washington,WA,2021-17,Other,123,6833,477.0,57
Washington,WA,2021-16,Alpha,1267,8106,506.0,66
Washington,WA,2021-16,Beta,54,8106,506.0,66
Washington,WA,2021-16,Delta,27,8106,506.0,66
Washington,WA,2021-16,Epsilon,215,8106,506.0,66
Washington,WA,2021-16,Eta,3,8106,506.0,66
Washington,WA,2021-16,Gamma,233,8106,506.0,66
Washington,WA,2021-16,Iota,97,8106,506.0,66
Washington,WA,2021-16,Kappa,9,8106,506.0,66
Washington,WA,2021-16,Mu,6,8106,506.0,66
Washington,WA,2021-16,Other,141,8106,506.0,66
Washington,WA,2021-15,Alpha,1162,8590,521.0,73
Washington,WA,2021-15,Beta,42,8590,521.0,73
Washington,WA,2021-15,Delta,33,8590,521.0,73
Washington,WA,2021-15,Epsilon,317,8590,521.0,73
Washington,WA,2021-15,Eta,25,8590,521.0,73
Washington,WA,2021-15,Gamma,257,8590,521.0,73
Washington,WA,2021-15,Iota,79,8590,521.0,73
Washington,WA,2021-15,Kappa,6,8590,521.0,73
Washington,WA,2021-15,Mu,5,8590,521.0,73
Washington,WA,2021-15,Zeta,1,8590,521.0,73
Washington,WA,2021-15,Other,224,8590,521.0,73
Washington,WA,2021-14,Alpha,1050,7998,424.0,64
Washington,WA,2021-14,Beta,36,7998,424.0,64
Washington,WA,2021-14,Delta,15,7998,424.0,64
Washington,WA,2021-14,Epsilon,422,7998,424.0,64
Washington,WA,2021-14,Eta,14,7998,424.0,64
Washington,WA,2021-14,Gamma,245,7998,424.0,64
Washington,WA,2021-14,Iota,121,7998,424.0,64
Washington,WA,2021-14,Kappa,12,7998,424.0,64
Washington,WA,2021-14,Mu,4,7998,424.0,64
Washington,WA,2021-14,Zeta,2,7998,424.0,64
Washington,WA,2021-14,Other,313,7998,424.0,64
Washington,WA,2021-13,Alpha,664,5741,318.0,50
Washington,WA,2021-13,Beta,12,5741,318.0,50
Washington,WA,2021-13,Delta,6,5741,318.0,50
Washington,WA,2021-13,Epsilon,370,5741,318.0,50
Washington,WA,2021-13,Eta,5,5741,318.0,50
Washington,WA,2021-13,Gamma,139,5741,318.0,50
Washington,WA,2021-13,Iota,80,5741,318.0,50
Washington,WA,2021-13,Kappa,9,5741,318.0,50
Washington,WA,2021-13,Mu,4,5741,318.0,50
Washington,WA,2021-13,Zeta,3,5741,318.0,50
Washington,WA,2021-13,Other,233,5741,318.0,50
Washington,WA,2021-12,Alpha,378,5353,302.0,39
Washington,WA,2021-12,Beta,10,5353,302.0,39
Washington,WA,2021-12,Delta,1,5353,302.0,39
Washington,WA,2021-12,Epsilon,349,5353,302.0,39
Washington,WA,2021-12,Eta,3,5353,302.0,39
Washington,WA,2021-12,Gamma,65,5353,302.0,39
Washington,WA,2021-12,Iota,73,5353,302.0,39
Washington,WA,2021-12,Kappa,4,5353,302.0,39
Washington,WA,2021-12,Zeta,10,5353,302.0,39
Washington,WA,2021-12,Other,229,5353,302.0,39
Washington,WA,2021-11,Alpha,329,5017,236.0,49
Washington,WA,2021-11,Beta,8,5017,236.0,49
Washington,WA,2021-11,Delta,1,5017,236.0,49
Washington,WA,2021-11,Epsilon,298,5017,236.0,49
Washington,WA,2021-11,Eta,12,5017,236.0,49
Washington,WA,2021-11,Gamma,39,5017,236.0,49
Washington,WA,2021-11,Iota,21,5017,236.0,49
Washington,WA,2021-11,Kappa,1,5017,236.0,49
Washington,WA,2021-11,Zeta,3,5017,236.0,49
Washington,WA,2021-11,Other,182,5017,236.0,49
Washington,WA,2021-10,Alpha,201,3648,210.0,37
Washington,WA,2021-10,Beta,4,3648,210.0,37
Washington,WA,2021-10,Epsilon,279,3648,210.0,37
Washington,WA,2021-10,Eta,6,3648,210.0,37
Washington,WA,2021-10,Gamma,8,3648,210.0,37
Washington,WA,2021-10,Iota,16,3648,210.0,37
Washington,WA,2021-10,Zeta,4,3648,210.0,37
Washington,WA,2021-10,Other,195,3648,210.0,37
Washington,WA,2021-9,Alpha,99,3364,232.0,34
Washington,WA,2021-9,Beta,5,3364,232.0,34
Washington,WA,2021-9,Epsilon,181,3364,232.0,34
Washington,WA,2021-9,Eta,2,3364,232.0,34
Washington,WA,2021-9,Gamma,9,3364,232.0,34
Washington,WA,2021-9,Iota,4,3364,232.0,34
Washington,WA,2021-9,Other,149,3364,232.0,34
Washington,WA,2021-8,Alpha,62,3646,207.0,38
Washington,WA,2021-8,Beta,2,3646,207.0,38
Washington,WA,2021-8,Epsilon,268,3646,207.0,38
Washington,WA,2021-8,Eta,2,3646,207.0,38
Washington,WA,2021-8,Gamma,5,3646,207.0,38
Washington,WA,2021-8,Iota,4,3646,207.0,38
Washington,WA,2021-8,Other,356,3646,207.0,38
Washington,WA,2021-7,Alpha,50,3560,223.0,43
Washington,WA,2021-7,Beta,9,3560,223.0,43
Washington,WA,2021-7,Epsilon,221,3560,223.0,43
Washington,WA,2021-7,Gamma,1,3560,223.0,43
Washington,WA,2021-7,Iota,2,3560,223.0,43
Washington,WA,2021-7,Zeta,4,3560,223.0,43
Washington,WA,2021-7,Other,365,3560,223.0,43
Washington,WA,2021-6,Alpha,27,3752,266.0,39
Washington,WA,2021-6,Beta,4,3752,266.0,39
Washington,WA,2021-6,Epsilon,119,3752,266.0,39
Washington,WA,2021-6,Other,224,3752,266.0,39
Washington,WA,2021-5,Alpha,23,4197,263.0,61
Washington,WA,2021-5,Delta,6,4197,263.0,61
Washington,WA,2021-5,Epsilon,103,4197,263.0,61
Washington,WA,2021-5,Eta,1,4197,263.0,61
Washington,WA,2021-5,Zeta,6,4197,263.0,61
Washington,WA,2021-5,Other,258,4197,263.0,61
Washington,WA,2021-4,Alpha,12,6912,435.0,99
Washington,WA,2021-4,Epsilon,198,6912,435.0,99
Washington,WA,2021-4,Eta,3,6912,435.0,99
Washington,WA,2021-4,Gamma,1,6912,435.0,99
Washington,WA,2021-4,Zeta,7,6912,435.0,99
Washington,WA,2021-4,Other,540,6912,435.0,99
Washington,WA,2021-3,Alpha,8,7730,456.0,100
Washington,WA,2021-3,Beta,1,7730,456.0,100
Washington,WA,2021-3,Epsilon,92,7730,456.0,100
Washington,WA,2021-3,Iota,1,7730,456.0,100
Washington,WA,2021-3,Zeta,3,7730,456.0,100
Washington,WA,2021-3,Other,332,7730,456.0,100
Washington,WA,2021-2,Alpha,17,9640,539.0,139
Washington,WA,2021-2,Epsilon,57,9640,539.0,139
Washington,WA,2021-2,Iota,1,9640,539.0,139
Washington,WA,2021-2,Zeta,1,9640,539.0,139
Washington,WA,2021-2,Other,345,9640,539.0,139
Washington,WA,2021-1,Alpha,5,11997,617.0,151
Washington,WA,2021-1,Epsilon,33,11997,617.0,151
Washington,WA,2021-1,Other,233,11997,617.0,151
Washington,WA,2020-53,Alpha,4,17795,759.0,209
Washington,WA,2020-53,Epsilon,27,17795,759.0,209
Washington,WA,2020-53,Other,226,17795,759.0,209
Washington,WA,2020-51,Epsilon,14,11351,742.0,228
Washington,WA,2020-51,Other,146,11351,742.0,228
Washington,WA,2020-50,Epsilon,3,16240,753.0,198
Washington,WA,2020-50,Other,64,16240,753.0,198
Washington,WA,2020-49,Epsilon,10,16376,765.0,259
Washington,WA,2020-49,Other,180,16376,765.0,259
Washington,WA,2020-48,Other,114,18691,756.0,264
Washington,WA,2020-47,Other,128,15550,757.0,207
Washington,WA,2020-46,Other,137,17274,703.0,194
Washington,WA,2020-45,Other,125,14117,529.0,172
Washington,WA,2020-44,Other,46,9806,383.0,116
Washington,WA,2020-43,Other,66,6303,321.0,83
Washington,WA,2020-42,Other,102,4322,238.0,85
Washington,WA,2020-41,Other,66,3947,241.0,69
Washington,WA,2020-40,Other,42,3424,176.0,59
Washington,WA,2020-39,Other,46,2974,136.0,42
Washington,WA,2020-38,Other,19,2578,159.0,49
Washington,WA,2020-37,Other,35,2529,185.0,61
Washington,WA,2020-36,Other,44,1977,157.0,32
Washington,WA,2020-35,Other,78,2003,134.0,32
Washington,WA,2020-34,Other,22,2373,164.0,37
Washington,WA,2020-33,Other,52,2587,191.0,53
Washington,WA,2020-32,Other,169,3217,218.0,40
Washington,WA,2020-31,Other,284,3607,258.0,68
Washington,WA,2020-30,Other,59,4125,276.0,98
Washington,WA,2020-29,Other,24,5339,289.0,87
Washington,WA,2020-28,Other,23,5262,272.0,99
Washington,WA,2020-27,Other,18,5198,239.0,67
Washington,WA,2020-26,Other,157,4405,214.0,60
Washington,WA,2020-25,Other,197,3500,212.0,51
Washington,WA,2020-24,Other,321,2495,165.0,53
Washington,WA,2020-23,Other,338,2105,158.0,46
Washington,WA,2020-22,Other,370,1990,131.0,36
Washington,WA,2020-21,Other,292,1552,150.0,38
Washington,WA,2020-20,Other,161,1480,151.0,34
Washington,WA,2020-19,Other,160,1411,143.0,45
Washington,WA,2020-18,Other,184,1470,164.0,62
Washington,WA,2020-17,Other,191,1612,197.0,87
Washington,WA,2020-16,Other,141,1669,255.0,89
Washington,WA,2020-15,Other,188,1784,280.0,125
Washington,WA,2020-14,Other,195,1963,368.0,130
Washington,WA,2020-13,Other,433,2557,500.0,177
Washington,WA,2020-12,Other,451,2623,476.0,192
Washington,WA,2020-11,Other,345,1717,314.0,128
Washington,WA,2020-10,Other,282,863,203.0,84
Washington,WA,2020-9,Other,89,231,118.0,45
Washington,WA,2020-8,Other,22,36,38.0,14
Kansas,KS,2021-23,Kappa,1,552,824.0,12
Kansas,KS,2021-23,Delta,105,552,824.0,12
Kansas,KS,2021-23,Gamma,10,552,824.0,12
Kansas,KS,2021-23,Alpha,24,552,824.0,12
Kansas,KS,2021-23,Other,4,552,824.0,12
Kansas,KS,2021-23,B.1.526.2,1,552,824.0,12
Kansas,KS,2021-16,Kappa,1,1208,1288.0,15
Kansas,KS,2021-16,B.1.617,2,1208,1288.0,15
Kansas,KS,2021-16,B.1.617.3,1,1208,1288.0,15
Kansas,KS,2021-16,Delta,1,1208,1288.0,15
Kansas,KS,2021-16,Iota,3,1208,1288.0,15
Kansas,KS,2021-16,Gamma,52,1208,1288.0,15
Kansas,KS,2021-16,Epsilon,1,1208,1288.0,15
Kansas,KS,2021-16,Epsilon,2,1208,1288.0,15
Kansas,KS,2021-16,Alpha,153,1208,1288.0,15
Kansas,KS,2021-16,Other,5,1208,1288.0,15
Kansas,KS,2021-16,B.1.526.2,6,1208,1288.0,15
Kansas,KS,2021-16,B.1,2,1208,1288.0,15
Kansas,KS,2021-16,B.1.1.519,4,1208,1288.0,15
Kansas,KS,2021-16,B.1.2,3,1208,1288.0,15
Kansas,KS,2021-33,B.1.617,1,6889,5278.0,96
Kansas,KS,2021-33,Delta,400,6889,5278.0,96
Kansas,KS,2021-33,Alpha,1,6889,5278.0,96
Kansas,KS,2021-15,B.1.617,6,1141,1246.0,18
Kansas,KS,2021-15,Iota,7,1141,1246.0,18
Kansas,KS,2021-15,Gamma,25,1141,1246.0,18
Kansas,KS,2021-15,Beta,1,1141,1246.0,18
Kansas,KS,2021-15,Epsilon,1,1141,1246.0,18
Kansas,KS,2021-15,Alpha,115,1141,1246.0,18
Kansas,KS,2021-15,Other,5,1141,1246.0,18
Kansas,KS,2021-15,B.1.526.2,3,1141,1246.0,18
Kansas,KS,2021-15,B.1,2,1141,1246.0,18
Kansas,KS,2021-15,B.1.1.519,2,1141,1246.0,18
Kansas,KS,2021-15,B.1.2,3,1141,1246.0,18
Kansas,KS,2021-47,Delta,14,5150,3645.0,36
Kansas,KS,2021-46,Delta,32,5679,3411.0,39
Kansas,KS,2021-45,Delta,252,4866,3065.0,29
Kansas,KS,2021-44,Delta,464,4098,2980.0,57
Kansas,KS,2021-44,Other,2,4098,2980.0,57
Kansas,KS,2021-43,Delta,460,3686,3267.0,62
Kansas,KS,2021-43,Other,8,3686,3267.0,62
Kansas,KS,2021-42,Delta,382,4008,3176.0,87
Kansas,KS,2021-42,Other,2,4008,3176.0,87
Kansas,KS,2021-41,Delta,377,3754,3474.0,70
Kansas,KS,2021-41,Other,9,3754,3474.0,70
Kansas,KS,2021-41,B.1,1,3754,3474.0,70
Kansas,KS,2021-40,Delta,258,4288,3776.0,67
Kansas,KS,2021-40,Other,5,4288,3776.0,67
Kansas,KS,2021-40,B.1,1,4288,3776.0,67
Kansas,KS,2021-39,Delta,255,4768,4175.0,92
Kansas,KS,2021-39,Other,3,4768,4175.0,92
Kansas,KS,2021-38,Delta,425,5009,4541.0,131
Kansas,KS,2021-38,Other,4,5009,4541.0,131
Kansas,KS,2021-38,B.1,1,5009,4541.0,131
Kansas,KS,2021-37,Delta,379,6583,4804.0,111
Kansas,KS,2021-37,Other,1,6583,4804.0,111
Kansas,KS,2021-36,Delta,464,7210,5138.0,109
Kansas,KS,2021-36,Other,1,7210,5138.0,109
Kansas,KS,2021-35,Delta,425,7495,5396.0,132
Kansas,KS,2021-35,Other,3,7495,5396.0,132
Kansas,KS,2021-34,Delta,467,7875,5427.0,97
Kansas,KS,2021-34,Other,3,7875,5427.0,97
Kansas,KS,2021-32,Delta,422,6133,4585.0,80
Kansas,KS,2021-31,Delta,431,5725,3859.0,95
Kansas,KS,2021-31,Alpha,3,5725,3859.0,95
Kansas,KS,2021-31,B.1,1,5725,3859.0,95
Kansas,KS,2021-30,Delta,444,5059,3164.0,51
Kansas,KS,2021-30,Gamma,1,5059,3164.0,51
Kansas,KS,2021-30,Other,2,5059,3164.0,51
Kansas,KS,2021-29,Delta,356,3804,2667.0,32
Kansas,KS,2021-29,Gamma,1,3804,2667.0,32
Kansas,KS,2021-29,Alpha,1,3804,2667.0,32
Kansas,KS,2021-28,Delta,429,2466,1995.0,20
Kansas,KS,2021-28,Gamma,3,2466,1995.0,20
Kansas,KS,2021-28,Alpha,2,2466,1995.0,20
Kansas,KS,2021-28,Other,2,2466,1995.0,20
Kansas,KS,2021-27,Delta,548,1810,1219.0,21
Kansas,KS,2021-27,Alpha,8,1810,1219.0,21
Kansas,KS,2021-27,Other,4,1810,1219.0,21
Kansas,KS,2021-27,B.1,2,1810,1219.0,21
Kansas,KS,2021-26,Delta,415,994,1024.0,30
Kansas,KS,2021-26,Gamma,4,994,1024.0,30
Kansas,KS,2021-26,Alpha,8,994,1024.0,30
Kansas,KS,2021-26,Other,6,994,1024.0,30
Kansas,KS,2021-26,B.1,5,994,1024.0,30
Kansas,KS,2021-25,Delta,262,676,1056.0,11
Kansas,KS,2021-25,Iota,1,676,1056.0,11
Kansas,KS,2021-25,Gamma,3,676,1056.0,11
Kansas,KS,2021-25,Alpha,17,676,1056.0,11
Kansas,KS,2021-25,B.1,2,676,1056.0,11
Kansas,KS,2021-24,Delta,167,576,977.0,9
Kansas,KS,2021-24,Gamma,13,576,977.0,9
Kansas,KS,2021-24,Epsilon,2,576,977.0,9
Kansas,KS,2021-24,Alpha,21,576,977.0,9
Kansas,KS,2021-24,Other,2,576,977.0,9
Kansas,KS,2021-24,B.1,4,576,977.0,9
Kansas,KS,2021-22,Delta,65,463,864.0,17
Kansas,KS,2021-22,Gamma,15,463,864.0,17
Kansas,KS,2021-22,Alpha,41,463,864.0,17
Kansas,KS,2021-22,Other,6,463,864.0,17
Kansas,KS,2021-21,Delta,39,500,1056.0,14
Kansas,KS,2021-21,Gamma,4,500,1056.0,14
Kansas,KS,2021-21,Alpha,47,500,1056.0,14
Kansas,KS,2021-21,Other,6,500,1056.0,14
Kansas,KS,2021-21,B.1,3,500,1056.0,14
Kansas,KS,2021-21,B.1.1.519,1,500,1056.0,14
Kansas,KS,2021-20,Delta,22,663,1151.0,27
Kansas,KS,2021-20,Eta,1,663,1151.0,27
Kansas,KS,2021-20,Iota,2,663,1151.0,27
Kansas,KS,2021-20,Gamma,11,663,1151.0,27
Kansas,KS,2021-20,Beta,2,663,1151.0,27
Kansas,KS,2021-20,Alpha,51,663,1151.0,27
Kansas,KS,2021-20,Other,8,663,1151.0,27
Kansas,KS,2021-20,B.1.526.2,1,663,1151.0,27
Kansas,KS,2021-20,B.1,2,663,1151.0,27
Kansas,KS,2021-20,B.1.1.519,2,663,1151.0,27
Kansas,KS,2021-20,B.1.2,1,663,1151.0,27
Kansas,KS,2021-19,Delta,13,739,1153.0,21
Kansas,KS,2021-19,Iota,4,739,1153.0,21
Kansas,KS,2021-19,Gamma,42,739,1153.0,21
Kansas,KS,2021-19,Epsilon,1,739,1153.0,21
Kansas,KS,2021-19,Epsilon,1,739,1153.0,21
Kansas,KS,2021-19,Alpha,114,739,1153.0,21
Kansas,KS,2021-19,Other,11,739,1153.0,21
Kansas,KS,2021-19,B.1.1.519,5,739,1153.0,21
Kansas,KS,2021-18,Delta,7,981,1277.0,18
Kansas,KS,2021-18,Iota,1,981,1277.0,18
Kansas,KS,2021-18,Gamma,32,981,1277.0,18
Kansas,KS,2021-18,Alpha,110,981,1277.0,18
Kansas,KS,2021-18,Other,4,981,1277.0,18
Kansas,KS,2021-18,B.1.526.2,4,981,1277.0,18
Kansas,KS,2021-18,B.1,1,981,1277.0,18
Kansas,KS,2021-18,B.1.1.519,1,981,1277.0,18
Kansas,KS,2021-17,Delta,3,1234,1492.0,23
Kansas,KS,2021-17,Iota,2,1234,1492.0,23
Kansas,KS,2021-17,Gamma,49,1234,1492.0,23
Kansas,KS,2021-17,Beta,1,1234,1492.0,23
Kansas,KS,2021-17,Epsilon,4,1234,1492.0,23
Kansas,KS,2021-17,Alpha,141,1234,1492.0,23
Kansas,KS,2021-17,Other,12,1234,1492.0,23
Kansas,KS,2021-17,B.1.526.2,3,1234,1492.0,23
Kansas,KS,2021-17,B.1,2,1234,1492.0,23
Kansas,KS,2021-17,B.1.1.519,3,1234,1492.0,23
Kansas,KS,2021-1,Delta,1,12404,7051.0,277
Kansas,KS,2021-1,Epsilon,1,12404,7051.0,277
Kansas,KS,2021-1,Epsilon,1,12404,7051.0,277
Kansas,KS,2021-1,Other,37,12404,7051.0,277
Kansas,KS,2021-1,B.1,4,12404,7051.0,277
Kansas,KS,2021-1,B.1.1.519,3,12404,7051.0,277
Kansas,KS,2021-1,B.1.596,6,12404,7051.0,277
Kansas,KS,2021-1,B.1.2,27,12404,7051.0,277
Kansas,KS,2021-13,Eta,1,920,1209.0,24
Kansas,KS,2021-13,Iota,10,920,1209.0,24
Kansas,KS,2021-13,Gamma,9,920,1209.0,24
Kansas,KS,2021-13,Epsilon,2,920,1209.0,24
Kansas,KS,2021-13,Epsilon,9,920,1209.0,24
Kansas,KS,2021-13,Alpha,83,920,1209.0,24
Kansas,KS,2021-13,Other,1,920,1209.0,24
Kansas,KS,2021-13,B.1.526.2,1,920,1209.0,24
Kansas,KS,2021-13,B.1,2,920,1209.0,24
Kansas,KS,2021-13,B.1.1.519,3,920,1209.0,24
Kansas,KS,2021-13,B.1.596,1,920,1209.0,24
Kansas,KS,2021-13,B.1.2,1,920,1209.0,24
Kansas,KS,2020-53,Zeta,1,10483,6933.0,235
Kansas,KS,2020-53,Epsilon,1,10483,6933.0,235
Kansas,KS,2020-53,Other,50,10483,6933.0,235
Kansas,KS,2020-53,B.1,5,10483,6933.0,235
Kansas,KS,2020-53,B.1.596,9,10483,6933.0,235
Kansas,KS,2020-53,B.1.2,74,10483,6933.0,235
Kansas,KS,2021-14,Iota,5,1176,1190.0,15
Kansas,KS,2021-14,Gamma,14,1176,1190.0,15
Kansas,KS,2021-14,Epsilon,3,1176,1190.0,15
Kansas,KS,2021-14,Alpha,75,1176,1190.0,15
Kansas,KS,2021-14,Other,2,1176,1190.0,15
Kansas,KS,2021-14,B.1.526.2,1,1176,1190.0,15
Kansas,KS,2021-14,B.1,1,1176,1190.0,15
Kansas,KS,2021-14,B.1.1.519,2,1176,1190.0,15
Kansas,KS,2021-14,B.1.2,2,1176,1190.0,15
Kansas,KS,2021-12,Iota,3,1088,1273.0,32
Kansas,KS,2021-12,Gamma,1,1088,1273.0,32
Kansas,KS,2021-12,Beta,2,1088,1273.0,32
Kansas,KS,2021-12,Epsilon,1,1088,1273.0,32
Kansas,KS,2021-12,Alpha,72,1088,1273.0,32
Kansas,KS,2021-12,Other,3,1088,1273.0,32
Kansas,KS,2021-12,B.1,1,1088,1273.0,32
Kansas,KS,2021-12,B.1.1.519,6,1088,1273.0,32
Kansas,KS,2021-12,B.1.596,1,1088,1273.0,32
Kansas,KS,2021-12,B.1.2,7,1088,1273.0,32
Kansas,KS,2021-11,Epsilon,1,1032,1396.0,19
Kansas,KS,2021-11,Beta,2,1032,1396.0,19
Kansas,KS,2021-11,Epsilon,3,1032,1396.0,19
Kansas,KS,2021-11,Alpha,35,1032,1396.0,19
Kansas,KS,2021-11,Other,4,1032,1396.0,19
Kansas,KS,2021-11,B.1.526.2,1,1032,1396.0,19
Kansas,KS,2021-11,B.1,3,1032,1396.0,19
Kansas,KS,2021-11,B.1.1.519,14,1032,1396.0,19
Kansas,KS,2021-11,B.1.596,3,1032,1396.0,19
Kansas,KS,2021-11,B.1.2,8,1032,1396.0,19
Kansas,KS,2021-4,Epsilon,2,5190,4646.0,177
Kansas,KS,2021-4,Epsilon,6,5190,4646.0,177
Kansas,KS,2021-4,Other,115,5190,4646.0,177
Kansas,KS,2021-4,B.1,3,5190,4646.0,177
Kansas,KS,2021-4,B.1.1.519,9,5190,4646.0,177
Kansas,KS,2021-4,B.1.596,7,5190,4646.0,177
Kansas,KS,2021-4,B.1.2,38,5190,4646.0,177
Kansas,KS,2021-3,Epsilon,1,6480,5522.0,184
Kansas,KS,2021-3,Epsilon,1,6480,5522.0,184
Kansas,KS,2021-3,Other,72,6480,5522.0,184
Kansas,KS,2021-3,B.1,5,6480,5522.0,184
Kansas,KS,2021-3,B.1.1.519,9,6480,5522.0,184
Kansas,KS,2021-3,B.1.596,8,6480,5522.0,184
Kansas,KS,2021-3,B.1.2,45,6480,5522.0,184
Kansas,KS,2021-2,Epsilon,2,8322,6516.0,225
Kansas,KS,2021-2,Epsilon,3,8322,6516.0,225
Kansas,KS,2021-2,Other,72,8322,6516.0,225
Kansas,KS,2021-2,B.1,5,8322,6516.0,225
Kansas,KS,2021-2,B.1.1.519,4,8322,6516.0,225
Kansas,KS,2021-2,B.1.596,5,8322,6516.0,225
Kansas,KS,2021-2,B.1.2,42,8322,6516.0,225
Kansas,KS,2021-10,Epsilon,4,1228,1623.0,35
Kansas,KS,2021-10,Alpha,22,1228,1623.0,35
Kansas,KS,2021-10,Other,15,1228,1623.0,35
Kansas,KS,2021-10,B.1.1.519,13,1228,1623.0,35
Kansas,KS,2021-10,B.1.2,18,1228,1623.0,35
Kansas,KS,2021-9,Epsilon,3,1412,1904.0,38
Kansas,KS,2021-9,Alpha,20,1412,1904.0,38
Kansas,KS,2021-9,Other,2,1412,1904.0,38
Kansas,KS,2021-9,B.1,1,1412,1904.0,38
Kansas,KS,2021-9,B.1.1.519,7,1412,1904.0,38
Kansas,KS,2021-9,B.1.2,16,1412,1904.0,38
Kansas,KS,2021-8,Epsilon,5,1656,2425.0,51
Kansas,KS,2021-8,Alpha,3,1656,2425.0,51
Kansas,KS,2021-8,Other,7,1656,2425.0,51
Kansas,KS,2021-8,B.1,1,1656,2425.0,51
Kansas,KS,2021-8,B.1.1.519,4,1656,2425.0,51
Kansas,KS,2021-8,B.1.2,25,1656,2425.0,51
Kansas,KS,2021-7,Epsilon,2,2073,2767.0,64
Kansas,KS,2021-7,Alpha,3,2073,2767.0,64
Kansas,KS,2021-7,Other,1,2073,2767.0,64
Kansas,KS,2021-7,B.1.596,3,2073,2767.0,64
Kansas,KS,2021-7,B.1.2,7,2073,2767.0,64
Kansas,KS,2021-6,Epsilon,7,2774,3197.0,79
Kansas,KS,2021-6,Other,42,2774,3197.0,79
Kansas,KS,2021-6,B.1,2,2774,3197.0,79
Kansas,KS,2021-6,B.1.1.519,2,2774,3197.0,79
Kansas,KS,2021-6,B.1.2,30,2774,3197.0,79
Kansas,KS,2021-5,Epsilon,3,4184,4019.0,98
Kansas,KS,2021-5,Alpha,1,4184,4019.0,98
Kansas,KS,2021-5,Other,68,4184,4019.0,98
Kansas,KS,2021-5,B.1,3,4184,4019.0,98
Kansas,KS,2021-5,B.1.1.519,5,4184,4019.0,98
Kansas,KS,2021-5,B.1.596,7,4184,4019.0,98
Kansas,KS,2021-5,B.1.2,19,4184,4019.0,98
New York,NY,2020-53,Alpha,4,27948,2180.0,305
New York,NY,2020-53,Beta,0,27948,2180.0,305
New York,NY,2020-53,Delta,0,27948,2180.0,305
New York,NY,2020-53,Epsilon,7,27948,2180.0,305
New York,NY,2020-53,Gamma,0,27948,2180.0,305
New York,NY,2020-53,Iota,35,27948,2180.0,305
New York,NY,2020-53,Mu,0,27948,2180.0,305
New York,NY,2020-53,Other,486,27948,2180.0,305
New York,NY,2021-1,Alpha,8,36035,2469.0,422
New York,NY,2021-1,Beta,0,36035,2469.0,422
New York,NY,2021-1,Delta,0,36035,2469.0,422
New York,NY,2021-1,Epsilon,17,36035,2469.0,422
New York,NY,2021-1,Gamma,0,36035,2469.0,422
New York,NY,2021-1,Iota,58,36035,2469.0,422
New York,NY,2021-1,Mu,0,36035,2469.0,422
New York,NY,2021-1,Other,789,36035,2469.0,422
New York,NY,2021-10,Alpha,271,20348,1918.0,433
New York,NY,2021-10,Beta,1,20348,1918.0,433
New York,NY,2021-10,Delta,19,20348,1918.0,433
New York,NY,2021-10,Epsilon,28,20348,1918.0,433
New York,NY,2021-10,Gamma,4,20348,1918.0,433
New York,NY,2021-10,Iota,662,20348,1918.0,433
New York,NY,2021-10,Mu,0,20348,1918.0,433
New York,NY,2021-10,Other,793,20348,1918.0,433
New York,NY,2021-11,Alpha,295,19974,1914.0,357
New York,NY,2021-11,Beta,2,19974,1914.0,357
New York,NY,2021-11,Delta,1,19974,1914.0,357
New York,NY,2021-11,Epsilon,29,19974,1914.0,357
New York,NY,2021-11,Gamma,3,19974,1914.0,357
New York,NY,2021-11,Iota,492,19974,1914.0,357
New York,NY,2021-11,Mu,0,19974,1914.0,357
New York,NY,2021-11,Other,350,19974,1914.0,357
New York,NY,2021-12,Alpha,567,21774,1989.0,393
New York,NY,2021-12,Beta,7,21774,1989.0,393
New York,NY,2021-12,Delta,4,21774,1989.0,393
New York,NY,2021-12,Epsilon,25,21774,1989.0,393
New York,NY,2021-12,Gamma,22,21774,1989.0,393
New York,NY,2021-12,Iota,869,21774,1989.0,393
New York,NY,2021-12,Mu,1,21774,1989.0,393
New York,NY,2021-12,Other,474,21774,1989.0,393
New York,NY,2021-13,Alpha,605,18932,1832.0,357
New York,NY,2021-13,Beta,3,18932,1832.0,357
New York,NY,2021-13,Delta,0,18932,1832.0,357
New York,NY,2021-13,Epsilon,18,18932,1832.0,357
New York,NY,2021-13,Gamma,21,18932,1832.0,357
New York,NY,2021-13,Iota,744,18932,1832.0,357
New York,NY,2021-13,Mu,1,18932,1832.0,357
New York,NY,2021-13,Other,349,18932,1832.0,357
New York,NY,2021-14,Alpha,761,17114,1483.0,353
New York,NY,2021-14,Beta,3,17114,1483.0,353
New York,NY,2021-14,Delta,1,17114,1483.0,353
New York,NY,2021-14,Epsilon,16,17114,1483.0,353
New York,NY,2021-14,Gamma,51,17114,1483.0,353
New York,NY,2021-14,Iota,860,17114,1483.0,353
New York,NY,2021-14,Mu,3,17114,1483.0,353
New York,NY,2021-14,Other,497,17114,1483.0,353
New York,NY,2021-15,Alpha,654,13318,1343.0,255
New York,NY,2021-15,Beta,7,13318,1343.0,255
New York,NY,2021-15,Delta,2,13318,1343.0,255
New York,NY,2021-15,Epsilon,21,13318,1343.0,255
New York,NY,2021-15,Gamma,52,13318,1343.0,255
New York,NY,2021-15,Iota,739,13318,1343.0,255
New York,NY,2021-15,Mu,9,13318,1343.0,255
New York,NY,2021-15,Other,394,13318,1343.0,255
New York,NY,2021-16,Alpha,468,9160,982.0,253
New York,NY,2021-16,Beta,3,9160,982.0,253
New York,NY,2021-16,Delta,3,9160,982.0,253
New York,NY,2021-16,Epsilon,12,9160,982.0,253
New York,NY,2021-16,Gamma,40,9160,982.0,253
New York,NY,2021-16,Iota,438,9160,982.0,253
New York,NY,2021-16,Mu,13,9160,982.0,253
New York,NY,2021-16,Other,270,9160,982.0,253
New York,NY,2021-17,Alpha,393,6889,746.0,218
New York,NY,2021-17,Beta,2,6889,746.0,218
New York,NY,2021-17,Delta,19,6889,746.0,218
New York,NY,2021-17,Epsilon,5,6889,746.0,218
New York,NY,2021-17,Gamma,48,6889,746.0,218
New York,NY,2021-17,Iota,298,6889,746.0,218
New York,NY,2021-17,Mu,5,6889,746.0,218
New York,NY,2021-17,Other,235,6889,746.0,218
New York,NY,2021-18,Alpha,280,4820,535.0,190
New York,NY,2021-18,Beta,3,4820,535.0,190
New York,NY,2021-18,Delta,25,4820,535.0,190
New York,NY,2021-18,Epsilon,2,4820,535.0,190
New York,NY,2021-18,Gamma,35,4820,535.0,190
New York,NY,2021-18,Iota,135,4820,535.0,190
New York,NY,2021-18,Mu,4,4820,535.0,190
New York,NY,2021-18,Other,155,4820,535.0,190
New York,NY,2021-19,Alpha,188,3450,416.0,145
New York,NY,2021-19,Beta,0,3450,416.0,145
New York,NY,2021-19,Delta,14,3450,416.0,145
New York,NY,2021-19,Epsilon,5,3450,416.0,145
New York,NY,2021-19,Gamma,24,3450,416.0,145
New York,NY,2021-19,Iota,121,3450,416.0,145
New York,NY,2021-19,Mu,20,3450,416.0,145
New York,NY,2021-19,Other,121,3450,416.0,145
New York,NY,2021-2,Alpha,13,32806,2745.0,450
New York,NY,2021-2,Beta,0,32806,2745.0,450
New York,NY,2021-2,Delta,0,32806,2745.0,450
New York,NY,2021-2,Epsilon,17,32806,2745.0,450
New York,NY,2021-2,Gamma,0,32806,2745.0,450
New York,NY,2021-2,Iota,54,32806,2745.0,450
New York,NY,2021-2,Mu,0,32806,2745.0,450
New York,NY,2021-2,Other,331,32806,2745.0,450
New York,NY,2021-20,Alpha,123,2410,378.0,101
New York,NY,2021-20,Beta,1,2410,378.0,101
New York,NY,2021-20,Delta,27,2410,378.0,101
New York,NY,2021-20,Epsilon,2,2410,378.0,101
New York,NY,2021-20,Gamma,23,2410,378.0,101
New York,NY,2021-20,Iota,73,2410,378.0,101
New York,NY,2021-20,Mu,16,2410,378.0,101
New York,NY,2021-20,Other,102,2410,378.0,101
New York,NY,2021-21,Alpha,72,1621,238.0,61
New York,NY,2021-21,Beta,1,1621,238.0,61
New York,NY,2021-21,Delta,18,1621,238.0,61
New York,NY,2021-21,Epsilon,0,1621,238.0,61
New York,NY,2021-21,Gamma,21,1621,238.0,61
New York,NY,2021-21,Iota,28,1621,238.0,61
New York,NY,2021-21,Mu,14,1621,238.0,61
New York,NY,2021-21,Other,64,1621,238.0,61
New York,NY,2021-22,Alpha,53,1352,191.0,66
New York,NY,2021-22,Beta,0,1352,191.0,66
New York,NY,2021-22,Delta,14,1352,191.0,66
New York,NY,2021-22,Epsilon,0,1352,191.0,66
New York,NY,2021-22,Gamma,22,1352,191.0,66
New York,NY,2021-22,Iota,11,1352,191.0,66
New York,NY,2021-22,Mu,27,1352,191.0,66
New York,NY,2021-22,Other,52,1352,191.0,66
New York,NY,2021-23,Alpha,28,1183,195.0,49
New York,NY,2021-23,Beta,0,1183,195.0,49
New York,NY,2021-23,Delta,52,1183,195.0,49
New York,NY,2021-23,Epsilon,0,1183,195.0,49
New York,NY,2021-23,Gamma,16,1183,195.0,49
New York,NY,2021-23,Iota,8,1183,195.0,49
New York,NY,2021-23,Mu,34,1183,195.0,49
New York,NY,2021-23,Other,49,1183,195.0,49
New York,NY,2021-24,Alpha,22,1082,159.0,52
New York,NY,2021-24,Beta,0,1082,159.0,52
New York,NY,2021-24,Delta,49,1082,159.0,52
New York,NY,2021-24,Epsilon,0,1082,159.0,52
New York,NY,2021-24,Gamma,9,1082,159.0,52
New York,NY,2021-24,Iota,2,1082,159.0,52
New York,NY,2021-24,Mu,17,1082,159.0,52
New York,NY,2021-24,Other,39,1082,159.0,52
New York,NY,2021-25,Alpha,32,1106,158.0,30
New York,NY,2021-25,Beta,0,1106,158.0,30
New York,NY,2021-25,Delta,72,1106,158.0,30
New York,NY,2021-25,Epsilon,0,1106,158.0,30
New York,NY,2021-25,Gamma,13,1106,158.0,30
New York,NY,2021-25,Iota,2,1106,158.0,30
New York,NY,2021-25,Mu,27,1106,158.0,30
New York,NY,2021-25,Other,40,1106,158.0,30
New York,NY,2021-26,Alpha,19,1343,177.0,35
New York,NY,2021-26,Beta,0,1343,177.0,35
New York,NY,2021-26,Delta,103,1343,177.0,35
New York,NY,2021-26,Epsilon,0,1343,177.0,35
New York,NY,2021-26,Gamma,8,1343,177.0,35
New York,NY,2021-26,Iota,1,1343,177.0,35
New York,NY,2021-26,Mu,14,1343,177.0,35
New York,NY,2021-26,Other,24,1343,177.0,35
New York,NY,2021-27,Alpha,16,2181,165.0,16
New York,NY,2021-27,Beta,0,2181,165.0,16
New York,NY,2021-27,Delta,232,2181,165.0,16
New York,NY,2021-27,Epsilon,0,2181,165.0,16
New York,NY,2021-27,Gamma,17,2181,165.0,16
New York,NY,2021-27,Iota,5,2181,165.0,16
New York,NY,2021-27,Mu,28,2181,165.0,16
New York,NY,2021-27,Other,24,2181,165.0,16
New York,NY,2021-28,Alpha,15,3300,232.0,27
New York,NY,2021-28,Beta,0,3300,232.0,27
New York,NY,2021-28,Delta,364,3300,232.0,27
New York,NY,2021-28,Epsilon,0,3300,232.0,27
New York,NY,2021-28,Gamma,12,3300,232.0,27
New York,NY,2021-28,Iota,1,3300,232.0,27
New York,NY,2021-28,Mu,17,3300,232.0,27
New York,NY,2021-28,Other,24,3300,232.0,27
New York,NY,2021-29,Alpha,6,5459,324.0,23
New York,NY,2021-29,Beta,0,5459,324.0,23
New York,NY,2021-29,Delta,686,5459,324.0,23
New York,NY,2021-29,Epsilon,0,5459,324.0,23
New York,NY,2021-29,Gamma,7,5459,324.0,23
New York,NY,2021-29,Iota,4,5459,324.0,23
New York,NY,2021-29,Mu,17,5459,324.0,23
New York,NY,2021-29,Other,14,5459,324.0,23
New York,NY,2021-3,Alpha,8,30468,2694.0,517
New York,NY,2021-3,Beta,0,30468,2694.0,517
New York,NY,2021-3,Delta,0,30468,2694.0,517
New York,NY,2021-3,Epsilon,7,30468,2694.0,517
New York,NY,2021-3,Gamma,0,30468,2694.0,517
New York,NY,2021-3,Iota,68,30468,2694.0,517
New York,NY,2021-3,Mu,0,30468,2694.0,517
New York,NY,2021-3,Other,398,30468,2694.0,517
New York,NY,2021-30,Alpha,8,7879,469.0,45
New York,NY,2021-30,Beta,0,7879,469.0,45
New York,NY,2021-30,Delta,1053,7879,469.0,45
New York,NY,2021-30,Epsilon,0,7879,469.0,45
New York,NY,2021-30,Gamma,5,7879,469.0,45
New York,NY,2021-30,Iota,0,7879,469.0,45
New York,NY,2021-30,Mu,11,7879,469.0,45
New York,NY,2021-30,Other,13,7879,469.0,45
New York,NY,2021-31,Alpha,4,10026,630.0,51
New York,NY,2021-31,Beta,0,10026,630.0,51
New York,NY,2021-31,Delta,1457,10026,630.0,51
New York,NY,2021-31,Epsilon,0,10026,630.0,51
New York,NY,2021-31,Gamma,5,10026,630.0,51
New York,NY,2021-31,Iota,1,10026,630.0,51
New York,NY,2021-31,Mu,8,10026,630.0,51
New York,NY,2021-31,Other,16,10026,630.0,51
New York,NY,2021-32,Alpha,4,10820,829.0,52
New York,NY,2021-32,Beta,0,10820,829.0,52
New York,NY,2021-32,Delta,1720,10820,829.0,52
New York,NY,2021-32,Epsilon,0,10820,829.0,52
New York,NY,2021-32,Gamma,2,10820,829.0,52
New York,NY,2021-32,Iota,0,10820,829.0,52
New York,NY,2021-32,Mu,6,10820,829.0,52
New York,NY,2021-32,Other,19,10820,829.0,52
New York,NY,2021-33,Alpha,2,10488,779.0,77
New York,NY,2021-33,Beta,0,10488,779.0,77
New York,NY,2021-33,Delta,1776,10488,779.0,77
New York,NY,2021-33,Epsilon,0,10488,779.0,77
New York,NY,2021-33,Gamma,3,10488,779.0,77
New York,NY,2021-33,Iota,0,10488,779.0,77
New York,NY,2021-33,Mu,6,10488,779.0,77
New York,NY,2021-33,Other,26,10488,779.0,77
New York,NY,2021-34,Alpha,1,10561,688.0,80
New York,NY,2021-34,Beta,0,10561,688.0,80
New York,NY,2021-34,Delta,1582,10561,688.0,80
New York,NY,2021-34,Epsilon,0,10561,688.0,80
New York,NY,2021-34,Gamma,2,10561,688.0,80
New York,NY,2021-34,Iota,0,10561,688.0,80
New York,NY,2021-34,Mu,8,10561,688.0,80
New York,NY,2021-34,Other,24,10561,688.0,80
New York,NY,2021-35,Alpha,1,9679,694.0,79
New York,NY,2021-35,Beta,0,9679,694.0,79
New York,NY,2021-35,Delta,1212,9679,694.0,79
New York,NY,2021-35,Epsilon,0,9679,694.0,79
New York,NY,2021-35,Gamma,2,9679,694.0,79
New York,NY,2021-35,Iota,0,9679,694.0,79
New York,NY,2021-35,Mu,4,9679,694.0,79
New York,NY,2021-35,Other,31,9679,694.0,79
New York,NY,2021-36,Alpha,2,9570,625.0,104
New York,NY,2021-36,Beta,0,9570,625.0,104
New York,NY,2021-36,Delta,1304,9570,625.0,104
New York,NY,2021-36,Epsilon,0,9570,625.0,104
New York,NY,2021-36,Gamma,1,9570,625.0,104
New York,NY,2021-36,Iota,0,9570,625.0,104
New York,NY,2021-36,Mu,6,9570,625.0,104
New York,NY,2021-36,Other,27,9570,625.0,104
New York,NY,2021-37,Alpha,0,9877,584.0,78
New York,NY,2021-37,Beta,0,9877,584.0,78
New York,NY,2021-37,Delta,1615,9877,584.0,78
New York,NY,2021-37,Epsilon,0,9877,584.0,78
New York,NY,2021-37,Gamma,2,9877,584.0,78
New York,NY,2021-37,Iota,0,9877,584.0,78
New York,NY,2021-37,Mu,4,9877,584.0,78
New York,NY,2021-37,Other,32,9877,584.0,78
New York,NY,2021-38,Alpha,0,8480,545.0,90
New York,NY,2021-38,Beta,0,8480,545.0,90
New York,NY,2021-38,Delta,1455,8480,545.0,90
New York,NY,2021-38,Epsilon,0,8480,545.0,90
New York,NY,2021-38,Gamma,1,8480,545.0,90
New York,NY,2021-38,Iota,0,8480,545.0,90
New York,NY,2021-38,Mu,11,8480,545.0,90
New York,NY,2021-38,Other,20,8480,545.0,90
New York,NY,2021-39,Alpha,0,7347,450.0,81
New York,NY,2021-39,Beta,0,7347,450.0,81
New York,NY,2021-39,Delta,1062,7347,450.0,81
New York,NY,2021-39,Epsilon,0,7347,450.0,81
New York,NY,2021-39,Gamma,0,7347,450.0,81
New York,NY,2021-39,Iota,0,7347,450.0,81
New York,NY,2021-39,Mu,1,7347,450.0,81
New York,NY,2021-39,Other,14,7347,450.0,81
New York,NY,2021-4,Alpha,23,29227,2551.0,560
New York,NY,2021-4,Beta,1,29227,2551.0,560
New York,NY,2021-4,Delta,0,29227,2551.0,560
New York,NY,2021-4,Epsilon,25,29227,2551.0,560
New York,NY,2021-4,Gamma,0,29227,2551.0,560
New York,NY,2021-4,Iota,185,29227,2551.0,560
New York,NY,2021-4,Mu,0,29227,2551.0,560
New York,NY,2021-4,Other,541,29227,2551.0,560
New York,NY,2021-40,Alpha,0,7042,416.0,87
New York,NY,2021-40,Beta,0,7042,416.0,87
New York,NY,2021-40,Delta,809,7042,416.0,87
New York,NY,2021-40,Epsilon,0,7042,416.0,87
New York,NY,2021-40,Gamma,0,7042,416.0,87
New York,NY,2021-40,Iota,0,7042,416.0,87
New York,NY,2021-40,Mu,0,7042,416.0,87
New York,NY,2021-40,Other,16,7042,416.0,87
New York,NY,2021-41,Alpha,0,6136,360.0,51
New York,NY,2021-41,Beta,0,6136,360.0,51
New York,NY,2021-41,Delta,872,6136,360.0,51
New York,NY,2021-41,Epsilon,0,6136,360.0,51
New York,NY,2021-41,Gamma,0,6136,360.0,51
New York,NY,2021-41,Iota,0,6136,360.0,51
New York,NY,2021-41,Mu,0,6136,360.0,51
New York,NY,2021-41,Other,16,6136,360.0,51
New York,NY,2021-42,Alpha,0,4803,319.0,71
New York,NY,2021-42,Beta,0,4803,319.0,71
New York,NY,2021-42,Delta,766,4803,319.0,71
New York,NY,2021-42,Epsilon,0,4803,319.0,71
New York,NY,2021-42,Gamma,1,4803,319.0,71
New York,NY,2021-42,Iota,0,4803,319.0,71
New York,NY,2021-42,Mu,0,4803,319.0,71
New York,NY,2021-42,Other,4,4803,319.0,71
New York,NY,2021-43,Alpha,0,4437,230.0,53
New York,NY,2021-43,Beta,0,4437,230.0,53
New York,NY,2021-43,Delta,691,4437,230.0,53
New York,NY,2021-43,Epsilon,0,4437,230.0,53
New York,NY,2021-43,Gamma,0,4437,230.0,53
New York,NY,2021-43,Iota,0,4437,230.0,53
New York,NY,2021-43,Mu,1,4437,230.0,53
New York,NY,2021-43,Other,16,4437,230.0,53
New York,NY,2021-44,Alpha,0,5066,256.0,48
New York,NY,2021-44,Beta,0,5066,256.0,48
New York,NY,2021-44,Delta,562,5066,256.0,48
New York,NY,2021-44,Epsilon,0,5066,256.0,48
New York,NY,2021-44,Gamma,0,5066,256.0,48
New York,NY,2021-44,Iota,0,5066,256.0,48
New York,NY,2021-44,Mu,0,5066,256.0,48
New York,NY,2021-44,Other,12,5066,256.0,48
New York,NY,2021-45,Alpha,1,6362,263.0,57
New York,NY,2021-45,Beta,0,6362,263.0,57
New York,NY,2021-45,Delta,768,6362,263.0,57
New York,NY,2021-45,Epsilon,0,6362,263.0,57
New York,NY,2021-45,Gamma,0,6362,263.0,57
New York,NY,2021-45,Iota,0,6362,263.0,57
New York,NY,2021-45,Mu,0,6362,263.0,57
New York,NY,2021-45,Other,20,6362,263.0,57
New York,NY,2021-46,Alpha,0,7889,287.0,58
New York,NY,2021-46,Beta,0,7889,287.0,58
New York,NY,2021-46,Delta,343,7889,287.0,58
New York,NY,2021-46,Epsilon,0,7889,287.0,58
New York,NY,2021-46,Gamma,0,7889,287.0,58
New York,NY,2021-46,Iota,0,7889,287.0,58
New York,NY,2021-46,Mu,0,7889,287.0,58
New York,NY,2021-46,Other,1,7889,287.0,58
New York,NY,2021-5,Alpha,75,22516,2682.0,544
New York,NY,2021-5,Beta,0,22516,2682.0,544
New York,NY,2021-5,Delta,0,22516,2682.0,544
New York,NY,2021-5,Epsilon,25,22516,2682.0,544
New York,NY,2021-5,Gamma,0,22516,2682.0,544
New York,NY,2021-5,Iota,289,22516,2682.0,544
New York,NY,2021-5,Mu,0,22516,2682.0,544
New York,NY,2021-5,Other,618,22516,2682.0,544
New York,NY,2021-6,Alpha,98,22764,2347.0,573
New York,NY,2021-6,Beta,0,22764,2347.0,573
New York,NY,2021-6,Delta,0,22764,2347.0,573
New York,NY,2021-6,Epsilon,32,22764,2347.0,573
New York,NY,2021-6,Gamma,0,22764,2347.0,573
New York,NY,2021-6,Iota,360,22764,2347.0,573
New York,NY,2021-6,Mu,0,22764,2347.0,573
New York,NY,2021-6,Other,577,22764,2347.0,573
New York,NY,2021-7,Alpha,109,19867,2105.0,488
New York,NY,2021-7,Beta,2,19867,2105.0,488
New York,NY,2021-7,Delta,2,19867,2105.0,488
New York,NY,2021-7,Epsilon,36,19867,2105.0,488
New York,NY,2021-7,Gamma,0,19867,2105.0,488
New York,NY,2021-7,Iota,421,19867,2105.0,488
New York,NY,2021-7,Mu,0,19867,2105.0,488
New York,NY,2021-7,Other,594,19867,2105.0,488
New York,NY,2021-8,Alpha,145,21322,2142.0,505
New York,NY,2021-8,Beta,0,21322,2142.0,505
New York,NY,2021-8,Delta,0,21322,2142.0,505
New York,NY,2021-8,Epsilon,25,21322,2142.0,505
New York,NY,2021-8,Gamma,0,21322,2142.0,505
New York,NY,2021-8,Iota,461,21322,2142.0,505
New York,NY,2021-8,Mu,0,21322,2142.0,505
New York,NY,2021-8,Other,483,21322,2142.0,505
New York,NY,2021-9,Alpha,154,20003,1953.0,419
New York,NY,2021-9,Beta,1,20003,1953.0,419
New York,NY,2021-9,Delta,1,20003,1953.0,419
New York,NY,2021-9,Epsilon,26,20003,1953.0,419
New York,NY,2021-9,Gamma,0,20003,1953.0,419
New York,NY,2021-9,Iota,512,20003,1953.0,419
New York,NY,2021-9,Mu,0,20003,1953.0,419
New York,NY,2021-9,Other,327,20003,1953.0,419
